Title,Image
30,https://drive.google.com/thumbnail?id=1QqWBSgPogP2bz78Q3WNEE9pkPaH4B1kk&sz=w1000
694,https://drive.google.com/thumbnail?id=1WENP8_wtWsf-Vl8Jt82kWZThR3jJNjK8&sz=w1000
atable 57,https://drive.google.com/thumbnail?id=1WPjxDSAKYp-p2buFpmDfBMGytb6JuQna&sz=w1000
atable 57,https://drive.google.com/thumbnail?id=1ZmBMoiSDQXF8hu6NoBTWs_pl2rz8FkMB&sz=w1000
atable 58,https://drive.google.com/thumbnail?id=1ZqirlsMv7a_Tn2zp7rK2hDMiNWN-9zJl&sz=w1000
atable 58,https://drive.google.com/thumbnail?id=1Y_Jzf5sNV8NE1Hi1T1axueiTlah2ovH6&sz=w1000
atable 61,https://drive.google.com/thumbnail?id=1dl2GEgV7_PiC9sUnLA07WUGGcbEJGAX8&sz=w1000
atable 61,https://drive.google.com/thumbnail?id=1EcM2t3ch3CORXe_yUVcG-Bbk6Ucg1SAu&sz=w1000
atable 62,https://drive.google.com/thumbnail?id=1ynu1fZLFUsPfX6rm4qqci_YfrDx5KrxS&sz=w1000
atable 62,https://drive.google.com/thumbnail?id=1Gmwbc4himRpU7dW-Ww5JFxHEorOkz1GZ&sz=w1000
atable 63,https://drive.google.com/thumbnail?id=1ORdVpgbTZup5xzWJ6PGQp5pOrdKyOxhf&sz=w1000
atable 63,https://drive.google.com/thumbnail?id=1MiwMKAy0JoDto2ANfN490lIAVThuMxtb&sz=w1000
atable 64,https://drive.google.com/thumbnail?id=1wJufLrOfIH58dFAcN43OlPMx6619Niaj&sz=w1000
atable 64,https://drive.google.com/thumbnail?id=1tYOz-_wthOWkgcaMJsKNJKvBT5tH3pkg&sz=w1000
atable 65,https://drive.google.com/thumbnail?id=1qwTGODqoMSGOlsNwnfkyxo2nDz5vCsOY&sz=w1000
atable 65,https://drive.google.com/thumbnail?id=1w16MQJCOGEXFjeHAAIWzrUoqJL0kEgKW&sz=w1000
atable 66,https://drive.google.com/thumbnail?id=1xQ847LQIQfymUyZ9rWZY4WvqBvaZezmH&sz=w1000
atable 66,https://drive.google.com/thumbnail?id=11dMTBGL0d2L-5sEmCAlprnP9HvOCFcXb&sz=w1000
atable 67,https://drive.google.com/thumbnail?id=10ugK9CT0mLwIldIhpaCu7V_UqgNOhgS5&sz=w1000
atable 67,https://drive.google.com/thumbnail?id=1Icz4Jmy9hyazanVKFkl1HwGxinxxW54C&sz=w1000
atable 68,https://drive.google.com/thumbnail?id=1qLRroAU-ZggSN4EkAIlzIfdbh0Dbcbp1&sz=w1000
atable 68,https://drive.google.com/thumbnail?id=122ttSfAk4JAHN1TgNMKB74DKSW2tEfSY&sz=w1000
atable 69,https://drive.google.com/thumbnail?id=1GtHsobW5U8Tcb4IljjWcl7JYe7YpcKqq&sz=w1000
atable 69,https://drive.google.com/thumbnail?id=12rWrs1LKBkQCpKYrlS38DiULv4XopvK-&sz=w1000
aTable 70,https://drive.google.com/thumbnail?id=1qbeoR-8OxsrwO66UaKsZLbRM7iALbvvJ&sz=w1000
aTable 70,https://drive.google.com/thumbnail?id=1NO7JY-j9BrOlBu2MRmez--UFHaqIATud&sz=w1000
Laser-cut-dxf-A-219,https://drive.google.com/thumbnail?id=18VXRWjvCaBtPIpP1j8uqXq3SWKr1Nwi9&sz=w1000
mandala-des-round6855,https://drive.google.com/thumbnail?id=1PqTOGRoJ1iz48IrI0-HjWOR9YCg9SrVV&sz=w1000
molde rjal tabla 1,https://drive.google.com/thumbnail?id=1dclPp2QP6qPg5ze04ERfb2pCV_BDmyEU&sz=w1000
molde rjal tabla 2,https://drive.google.com/thumbnail?id=1vPsGLmbssNfiYSrLZ6JJv6xQDKmd5eYV&sz=w1000
molde rjal tabla 3,https://drive.google.com/thumbnail?id=1dpqsVga1B6B2QjX7kb9JBCsSMcy2DVwh&sz=w1000
tabla ayoub zbat 3,https://drive.google.com/thumbnail?id=15zZilLKvca1bkE0_0lBm9FLq5MPP3IA8&sz=w1000
tabla zwina cont,https://drive.google.com/thumbnail?id=1CB0S-Z7Awh3B03LpatecstiFzaFes3zk&sz=w1000
tablati bzwa9ti 800,https://drive.google.com/thumbnail?id=1rNIdsY5it_BfHwGDc2Nt2hycMQbErGIE&sz=w1000
tablati zwina con,https://drive.google.com/thumbnail?id=1qNIt7tma1ycQXMhgFSkzHfReM9HHnTQh&sz=w1000
table 55,https://drive.google.com/thumbnail?id=1NV7b4Sx-JfFg90-9hYSfgDijnThI0AvO&sz=w1000
table 56,https://drive.google.com/thumbnail?id=1iY3sK8mwDQyb38vo6oAGTkTpf8L3o_e6&sz=w1000
table 57,https://drive.google.com/thumbnail?id=1xi5u6p3UVfzFbDDCFmhE7B0WIlq9nhi4&sz=w1000
table 57,https://drive.google.com/thumbnail?id=18eUa58CZekgbSsamUbgyTz6fciyq4hqw&sz=w1000
table 58,https://drive.google.com/thumbnail?id=1yLM4Wv8v9TJvLl1-dhk2uIErjOo98RQG&sz=w1000
table 58,https://drive.google.com/thumbnail?id=1A7P4-gWM5tcF6UTAY_mreTkM1KUN-vU2&sz=w1000
table 59,https://drive.google.com/thumbnail?id=1COOikPmqiZmDzT5vCh9xpu8pqP7iJR2Z&sz=w1000
table 59,https://drive.google.com/thumbnail?id=1qMCxqmwd5I-ulvDlBkM19kiBlojuQq5O&sz=w1000
table 60,https://drive.google.com/thumbnail?id=14bfHtX-yI7PucfWwuCrNCvLhtBsAoSEF&sz=w1000
table 60,https://drive.google.com/thumbnail?id=1E_kAXXfyomRC38INl9UoAvGFhgtFHDjg&sz=w1000
table 61,https://drive.google.com/thumbnail?id=1w9uU9VZ0NJYsZTUuD8nIl4cH8DpWxzga&sz=w1000
table 61,https://drive.google.com/thumbnail?id=18EU6JYawI3H4yytCD_yaikEKaV1Tcjz9&sz=w1000
table 62,https://drive.google.com/thumbnail?id=1xmKDPFOHLOsLIOSvUvuhDDkQnhodN2f7&sz=w1000
table 62,https://drive.google.com/thumbnail?id=1mot3gLEGdwwS5NnHreLRfc6csi-DpX6h&sz=w1000
table 63,https://drive.google.com/thumbnail?id=1YP5T90TmgwJa0QcWtynKt5bLwmMw6wx8&sz=w1000
table 63,https://drive.google.com/thumbnail?id=1lIAAk_761pzcsjFJiehlHvCMpigKrJYU&sz=w1000
table 64,https://drive.google.com/thumbnail?id=1van_esc3XTwPfd_-Y3U29Rg4fTc5J7p8&sz=w1000
table 64,https://drive.google.com/thumbnail?id=1O-OAv970HrMvI0Pur1xs-lk47El3jlmG&sz=w1000
table 65,https://drive.google.com/thumbnail?id=11hy7u5uDUAm-v19RbmH3lb6iFsdnhfPX&sz=w1000
table 65,https://drive.google.com/thumbnail?id=14nH5aB9MupIfG5M2k3e18nvP4nZ58rcU&sz=w1000
table 66,https://drive.google.com/thumbnail?id=1CjqhZmcUepAH1nDCUlwaIsLZbZRr0p3E&sz=w1000
table 66,https://drive.google.com/thumbnail?id=1-3HVOnbZMljYJrp05keWFM5bygirsOKS&sz=w1000
table 67,https://drive.google.com/thumbnail?id=1J13VdpSWjNpDeweFgJxfrGgOwt9mwSwa&sz=w1000
table 67,https://drive.google.com/thumbnail?id=1IVYQwTR1I-qyctKZLtIT6jHeBibwNdaz&sz=w1000
table 68,https://drive.google.com/thumbnail?id=1tQlS0-UZzkZWjQbp0RhUYgm684fN8i7m&sz=w1000
table 68,https://drive.google.com/thumbnail?id=16bfb0k3tGjyDV5i4sqaDaTBqVFRoIBJw&sz=w1000
table 69,https://drive.google.com/thumbnail?id=1-0rv7HbiR-A7r0W1QsTDPAZ90Bj_vPAl&sz=w1000
table 69,https://drive.google.com/thumbnail?id=1G0p2TlBFNuAKoM79w-mlHhwiUQlhCB35&sz=w1000
table ahram,https://drive.google.com/thumbnail?id=1Nm8vkUJu0XYtsefUSqj_QhYC8spfCKIn&sz=w1000
table ahram2,https://drive.google.com/thumbnail?id=1stYKUsPpwomJOR-QHakeDHkaYEQkVATs&sz=w1000
table salon Marocain pied 001,https://drive.google.com/thumbnail?id=1HI70MCF3ujbC2NGPnzARRPgVBWr37Ub6&sz=w1000
table1,https://drive.google.com/thumbnail?id=1N1ijiGBCHSZPqcjy7XcJedp_vKY7dVhs&sz=w1000
table1,https://drive.google.com/thumbnail?id=1nfKu0fRnW9IhhgafeSgY7uXeypi08EAF&sz=w1000
table13,https://drive.google.com/thumbnail?id=129p7uif_2-bPZNe8R0ERy1mcMB0gygmD&sz=w1000
table14,https://drive.google.com/thumbnail?id=1v2-pR4gj9P4PG75F6z4P0Oam09XIM1kc&sz=w1000
table15,https://drive.google.com/thumbnail?id=1eiZ0MajQdGeEl3vh_sBuVbdYVMLicaOL&sz=w1000
table16,https://drive.google.com/thumbnail?id=174hm7FfsutSivrEhjfBSo37B0M1ijbU6&sz=w1000
table17,https://drive.google.com/thumbnail?id=1FjJrOZdw3fGbCudlVbiXO9ey3WkPmhv-&sz=w1000
table18,https://drive.google.com/thumbnail?id=1ChoGjbnC5mXrlhsziC8kR2GwDQrnVyL-&sz=w1000
table19,https://drive.google.com/thumbnail?id=1xl1gGy-QTuTjVqSTlF5-ChvypDjKObG7&sz=w1000
table20,https://drive.google.com/thumbnail?id=11GQMhLIQzxaq6VezAOJGI9Ws5dKDE7Y0&sz=w1000
table21,https://drive.google.com/thumbnail?id=1AjIV_k-yJANEpEl4JO5dKL5rLTCQ0cPi&sz=w1000
table22,https://drive.google.com/thumbnail?id=1U-D-wXDcJEe4KhzwowjnhTsCYtHtJvES&sz=w1000
table23,https://drive.google.com/thumbnail?id=1BjJxIQplsrWMU4CsoWSSBA10xYJ3drkm&sz=w1000
table24,https://drive.google.com/thumbnail?id=15VWLtC1qG5eYyE6s3PCZ4n2NlbTubShI&sz=w1000
table25,https://drive.google.com/thumbnail?id=1NPg2YPPKCiaJNjzrB1LvFK7wBkUFYHie&sz=w1000
table26,https://drive.google.com/thumbnail?id=1QkE9jELEuvTYovZLt7U1CffcNbM6DcM1&sz=w1000
table27,https://drive.google.com/thumbnail?id=1b0VWG6VE_EcwyNDiXLEbtIe1yYaG8zkm&sz=w1000
table28,https://drive.google.com/thumbnail?id=1SCUm0mG0xjPFfjTkTr8EflmWWuWppK3l&sz=w1000
table31,https://drive.google.com/thumbnail?id=17J1Av2W4FzgAvMDPUrm3kdfACa3dqfaJ&sz=w1000
table33,https://drive.google.com/thumbnail?id=1o1nJebJC08870bjIJNh74VnLi-qmNrSj&sz=w1000
table34,https://drive.google.com/thumbnail?id=1shUrNfwTN8O27DrgL63ivuJ29TO60lSr&sz=w1000
table35,https://drive.google.com/thumbnail?id=1gP24ga7P_Uyu0v-Xn04W0b_xIKC99T1I&sz=w1000
table36,https://drive.google.com/thumbnail?id=1io2O8pKbrVm8OUETDFIZ0RimMWTqgytz&sz=w1000
table37,https://drive.google.com/thumbnail?id=1rgb5tkqpmIO7KOEYwnY8XAAMzoavjP5e&sz=w1000
table38,https://drive.google.com/thumbnail?id=1qDVeIIIn0fdxF99D4mFC2SSl1JTS_co7&sz=w1000
table39,https://drive.google.com/thumbnail?id=1s4XMHNZmosxmDo9yuxcX50RueSUAgp_Y&sz=w1000
table40,https://drive.google.com/thumbnail?id=1-C2RddJRXpvwNQGirGVlh4ASqHt0mtTS&sz=w1000
table41,https://drive.google.com/thumbnail?id=1JX-G4Bx81fA9LhG8MAuTgTxgEXsiG7Uj&sz=w1000
table44,https://drive.google.com/thumbnail?id=1RDeSRSgSxrPucMBM-C25Y_1th7Wp34q-&sz=w1000
table45,https://drive.google.com/thumbnail?id=1hHbxzlxTzFh6KUN_oic48It4yu8q5Vrp&sz=w1000
table46,https://drive.google.com/thumbnail?id=1SM3VmU1iEHsOP3Ax8zJqxKCSr6Ua_Z_J&sz=w1000
table47,https://drive.google.com/thumbnail?id=1uPMVSt7ewahryRsqtY1CG4_G6nazOUNd&sz=w1000
table48,https://drive.google.com/thumbnail?id=1qMSavgBn-gHyYFB7NGdjeXpe7PQe9vbi&sz=w1000
table49,https://drive.google.com/thumbnail?id=1AkPVhWFjl38hHvA-ykbDXbYAH1faO_v7&sz=w1000
table50,https://drive.google.com/thumbnail?id=1pZKBOSDWYtMUlhkfDw9bY970Y07q1vUm&sz=w1000
table51,https://drive.google.com/thumbnail?id=1F31Y8alJAxfW0kjc54sPFtBZR3kYrFhy&sz=w1000
table52,https://drive.google.com/thumbnail?id=1prLy2YtLgD7FfnDZy0-L68peDNunNn3w&sz=w1000
table53,https://drive.google.com/thumbnail?id=1RfVT8Ta_oTRz2wae5yW4U_AY4c7uYYhZ&sz=w1000
table54,https://drive.google.com/thumbnail?id=1N3O2fp-vw6lW01TdqZkvV0tWxdZ7j87h&sz=w1000
table55,https://drive.google.com/thumbnail?id=16JmHbJjVqmCYzNyUAUd_JX_8GdqWTmNU&sz=w1000
table56,https://drive.google.com/thumbnail?id=1XTtIEuNVJqHMz1_Puea1b7G3WpqWsJMF&sz=w1000
table57,https://drive.google.com/thumbnail?id=13EJ1bdYHWfA3OT0ICHS6hA97piyVx40V&sz=w1000
table57,https://drive.google.com/thumbnail?id=1pVYSAolcae8oWofrbhlhLxy-ZXGAyjBI&sz=w1000
table58,https://drive.google.com/thumbnail?id=1ia6JN5zh2EnAwcSg2lErgJlaYmWw7U3a&sz=w1000
table58,https://drive.google.com/thumbnail?id=1hvP82UvXx2Xmcsxezxjb0HfHHxiIpcbg&sz=w1000
table70,https://drive.google.com/thumbnail?id=1lBEA2dohsvnN0EN2kJrKFteuDWsHKEJE&sz=w1000
table70,https://drive.google.com/thumbnail?id=1DuxW60ZltbLMpnT9UyzBnENIBQycWR6b&sz=w1000
twabll1,https://drive.google.com/thumbnail?id=1W7WifxnfzCr19OBwjyUxUNQD5pKjozuu&sz=w1000
twabll1,https://drive.google.com/thumbnail?id=1jGvXShCNUQu_lqG5qKP_NV8Z5zFBLuLL&sz=w1000
twabll2,https://drive.google.com/thumbnail?id=1b8wL4XfoaKIYfbLG8HrcFKgNxi9Xqnde&sz=w1000
twabll2,https://drive.google.com/thumbnail?id=1EtR7J8_I-NXSDSPAoZbUyRBaNSQoZAnN&sz=w1000
twabll3,https://drive.google.com/thumbnail?id=1O9W2AhfA76oVRCf3k7fejrG6Q4Oq8ib8&sz=w1000
twabll3,https://drive.google.com/thumbnail?id=1DuOJw3wjWKUMIgwMvmrM6zfimXKkjEMS&sz=w1000
twabll4,https://drive.google.com/thumbnail?id=1I1ATTFJmWuMW1nCwCd9SCVKg3DLg5wGy&sz=w1000
twabll4,https://drive.google.com/thumbnail?id=1JY6r_ZpKjlxPb5Q-12XVyrsVEBjCA_Rw&sz=w1000
twabll5,https://drive.google.com/thumbnail?id=1HH91C81cQt3hQW1Ym7Fg9boIz26spDrJ&sz=w1000
twabll5,https://drive.google.com/thumbnail?id=1ff5NH_hkHJgzfSUFIum4pfY5JdMPJFaK&sz=w1000
vectorsart_34903,https://drive.google.com/thumbnail?id=1LPjhZMs_WU5hA6kKdTYL0dtTprfBwoup&sz=w1000
vectorsart_34903,https://drive.google.com/thumbnail?id=1YKKX_ldGw2Sb5YCrfVXEmujt1CZoKtM4&sz=w1000
vectorsart_35618,https://drive.google.com/thumbnail?id=1ZJoMCoOTqBRkDN0gQFqfpAfkLE73ivSv&sz=w1000
vectorsart_41817,https://drive.google.com/thumbnail?id=18mSOIsNDGZ1do2TjLae30EOB2H195Vcn&sz=w1000
vectorsart_41818,https://drive.google.com/thumbnail?id=1qoKm9n2Kcd2UXMgWhjfW3t0iQ63lLLbE&sz=w1000
vectorsart_41819,https://drive.google.com/thumbnail?id=1Bx2We8RGNJ_iLhvgkmZa7umpC20TVt9A&sz=w1000
zbat1,https://drive.google.com/thumbnail?id=1AHZMWDcs1HWaMzvmHr6_oj8mmbHTKEuS&sz=w1000
zbat2,https://drive.google.com/thumbnail?id=1thRgVRpV0_b80_KuYLvEBnjayODGyA-0&sz=w1000
zbat7,https://drive.google.com/thumbnail?id=1rc5DWtqoxBYoWUwueDilkuW57Gt6Xf32&sz=w1000
zbat7,https://drive.google.com/thumbnail?id=1WNo-jJkWRy_9axvcerDXSVw9ftoheMwc&sz=w1000
zbat85,https://drive.google.com/thumbnail?id=14GQxoYHCjPAOR84X04Sz4lBbPqHCMQhG&sz=w1000
zbat85,https://drive.google.com/thumbnail?id=1F1aCStgrA5fFB-4pYC7LF1EClPikjv1A&sz=w1000
zbatkenitra1,https://drive.google.com/thumbnail?id=1FJ2eABDYPaz6zBW8A__ybqONaJlgtYfc&sz=w1000
zbatkenitra1,https://drive.google.com/thumbnail?id=1GAIma23bfkQpdSvNUtdLE5PARcLyX_oM&sz=w1000
zbatkenitra2,https://drive.google.com/thumbnail?id=1TX3puP_HSotjLonHh24_hKoMTWKibxqq&sz=w1000
zbatkenitra2,https://drive.google.com/thumbnail?id=1nVVgfhBPKwxK_ur85OJ0vkfW6KaI4BX2&sz=w1000
zbatkenitra3,https://drive.google.com/thumbnail?id=14SdO5NqrgEJyUtnqpVFCJY9VFXvDA-vA&sz=w1000
zbatkenitra3,https://drive.google.com/thumbnail?id=1hrGcyE-X08ZpZqhJchSB1JxcK_08b7Jj&sz=w1000
zbatkenitra4,https://drive.google.com/thumbnail?id=1BAIwoI22UnHX8cVO5TuGAlJcud-bNwPJ&sz=w1000
zbatkenitra4,https://drive.google.com/thumbnail?id=1tbEgtnf_DWiW2aMt5-ltaxL-zpz0aw0j&sz=w1000
zbatkenitra5,https://drive.google.com/thumbnail?id=13uk-JXrVhyxvebcG-1-7O6HBWetg27qB&sz=w1000
zbatkenitra5,https://drive.google.com/thumbnail?id=1znPU9C5kXQS6EGCjix1VWtfIWLXSN8S3&sz=w1000
zbatkenitra6,https://drive.google.com/thumbnail?id=1s56MHG-SjZetAzfUDutIWqZye5hQj3bv&sz=w1000
zbatkenitra6,https://drive.google.com/thumbnail?id=1owAmSILLCERJtBtQuSu2-P1oY32pQglI&sz=w1000
zbatkenitra7,https://drive.google.com/thumbnail?id=1UNYYirJ4ZvIKYq4STgBQK8q7LuT_Sk6f&sz=w1000
zbatkenitra7,https://drive.google.com/thumbnail?id=1MHhVY7X0MYC9KYpQe5f35C-0jri4Jgla&sz=w1000
zbatkenitra8,https://drive.google.com/thumbnail?id=1rxCnfM8RelE9IlPF_lK97Tc8DMLHfOpk&sz=w1000
zbatkenitra8,https://drive.google.com/thumbnail?id=1aQMazON0WgYJFlzfpMZG_RpEeZctx4WH&sz=w1000
zbatkenitra9,https://drive.google.com/thumbnail?id=16wjSn7NokAJchp89NSPNQAvf6EvLMCaQ&sz=w1000
zbatkenitra9,https://drive.google.com/thumbnail?id=1oWtsJa45YTel6elvbbHB_FWwXLG72YgO&sz=w1000
